#;Vorname;Familienname;PLZ;Ort
1;Hanif;Ahmadi;4030;Linz
3;Manuel;Aumeier;4030;Linz
4;Nico;Axmann;4053;Haid
5;Christian;Bachl;4211;Alberndorf in der Riedmark
6;Thomas;Baminger;4030;Linz
7;Sabrina;Dalpiaz;4209;Engerwitzdorf
8;Simon;Danninger;4040;Linz
9;Zanna;Delic;4030;Linz
10;Daniel;Fleming;4030;Linz
11;Miriam;Forstinger;4654;Wimsbach
12;Pascal;Friesenecker;4030;Linz
13;Hannes;Füreder;4731;Prambachkirchen
14;David;Greul;4052;Ansfelden
15;Jonas;Grundner;8952;Irdning
16;Matthias;Gutenbrunner;4020;Linz
17;Tobias;Hameter;8992;Altaussee
18;Paul;Hinterberger;4020;Linz
19;Janine;Höllhuber;4030;Linz
20;Haris;Jušic;4030;Linz
21;Sagar;Juttla;4030;Linz
22;Doris;Lehner;4221;Steyregg
23;Patrick;Litzlfellner;4030;Linz
24;Halil;Metbala;4731;Prambachkirchen
25;Luis;Noisternig;4210;Gallneukirchen
26;Christoph;Pfleger;4210;Gallneukirchen
27;Carina;Pirklbauer;4030;Linz
28;Simon;Preininger;4063;Hörsching
29;Amar;Sales;4030;Linz
30;Maximilian;Stastny;8952;Irdning
31;Memduh;Targil;4061;Pasching
32;Marvin;Tretthan;4655;Vorchdorf
