Autor;Titel;Verlag;ISBN
Bartos, Franz Burghard;Auf dem Ponyhof;Arena;340104527X
Bartos-Höppner;Vierundzwanzig Geschichten zur Weihnachtszeit;Omnibus;3570027430
Bartos-Höppner, Barbara;24 Ostergeschichten;Bertelsmann;3570035972
Bartos-Höppner, Barbara;Allererste Bibelgeschichten;ars Edition;3760778739
Bartos-Höppner, Barbara;Bergkristall - Eine Weihnachtsgeschichte;Patmos;3491797543
Bartos-Höppner, Barbara;Das Friedensfest;Annette Betz;3219104533
Bartos-Höppner, Barbara;Das große Schnüpperle Geschichtenbuch;Cbj;3570130487
Bartos-Höppner, Barbara;Der Rattenfänger von Hameln;Annette Betz;3219102824
Bartos-Höppner, Barbara;Die Weihnachtsgeschichte;Ravensburger;3473312762
Bartos-Höppner, Barbara;Ein schönes Leben für die kleine Henne;dtv junior;3423075872
Bartos-Höppner, Barbara;Kommst du mit, Kolja?;dtv;3423075945
Bartos-Höppner, Barbara;Lauf zur Krippe, kleiner Esel;Ravensburger;347333796X
Bartos-Höppner, Barbara;Schnüpperle auf Reisen;Bertelsmann;3570121194
Bartos-Höppner, Barbara;Schnüpperle hat Geburtstag;Bertelsmann;3570058603
Bartos-Höppner, Barbara;Schnüpperle und sein bester Freund (oder: ... sein Freund Purzel);Bertelsmann;3570058611
Bartram, Angelika;Mauseschlau & Bärenstark Hallo, kleiner Igel!;Carlsen;3551058474
Bartram, Simon;Man on the Moon (a day in the life of Bob);Templar Publishing;1840113693
Bartram, Simon;Man on the Moon (a day in the life of Bob);Templar Publishing;1840113693
Bartz, Claudia;Die schönsten Tiergeschichten (Bd. 4);Pestalozzi;3614486044
Barzik, Ulrike;Helfer auf vier Pfoten;Carlsen;3551065063
Bashow, Pawel P.;Die Steinerne Blume;LeiV Leipziger Kinderbuchverlag;3896030590
Bass, Frank;Wie ein junger Wolf;Ravensburger;3473580856
Bassewitz, Geerdt von;Peterchens Mondfahrt;gondolino;3811217895
Bassewitz, Gerdt von;Peterchens Mondfahrt;Baumhaus;3833904534
Bassewitz, Gerdt von;Peterchens Mondfahrt;Bassermann;3809420778
Bassewitz, Gerdt von;Peterchens Mondfahrt;dtv;3423705515
Bassewitz, Gerdt von;Peterchens Mondfahrt;Edition Bücherbär im Arena Verlag, Würzburg;3401087460
Bassewitz, Gerdt von;Peterchens Mondfahrt;Karl Müller;3898938719
Basso, Gina;Der Mut zu reden. Eine Mafia-Geschichte;ro ro ro;3499205645
Bastin, Marjolein;Vera, die Maus - Am Strand;Pawlak;3881996583
Bat, Prunella;Eine Fee wie keine;Kosmos;3440114422
Bat, Prunella;Verhext und zauberhaft!;Kosmos;3440114414
Bataille, Marion;ABC 3D;Carlsen;355151710X
Bataille, Sylvie;Si c'était vrai ....;Hachette Jeunesse;3595554566
Bath, K. P.;Verschwörung auf Castle Cant;Dressler;3791526731
Bato;Die Spur führt zum Fußballplatz;gondolino;3811227831
Bato;Die Spur führt zum Fußballplatz;gondolino;3811227831
Bato;Dinosauriergeschichten;gondolino;3811228099
Bato;Feengeschichten;gondolino;3811230662
Bato;Gespenstergeschichten;gondolino;3811228986
Bato;Hexengeschichten;gondolino;3811227017
Bato;Piratengeschichten;gondolino;3811227076
Bato;Piratengeschichten;gondolino;3811226428
Bato;Schulgeschichten;gondolino;3811221906
Battut, Eric;Das Ei;Bohem press;3855814562
Battut, Eric;Der rote Max;Bohem press;385581371X
Bauer, Ina;Ein riesiges Tier;vpm;3923566549
Bauer, Insa;Achtung, Auftrag!;Loewe;3785540396
Bauer, Insa;Bibel-Wissen;Loewe;3785556659
Bauer, Insa;Das Rätsel im alten Schloss;Loewe;3785538049
Bauer, Insa;Der Erpresser von London;Coppenrath;3815740711
Bauer, Insa;Der geheimnisvolle Dachboden;Loewe;3785535473
Bauer, Insa;Der verschwundene Dalmatiner;Loewe;3785536712
Bauer, Insa;Detektiv Kralle jagt den Paketdieb;Arena;3401075683
Bauer, Insa;Detektiv-Wissen;Loewe;3785556667
Bauer, Insa;Detektiv-Wissen;Loewe;3785556667
Bauer, Insa;Didi Detek;Carlsen;3551532680
Bauer, Insa;Didi Detek und der Zwiebackdieb;Carlsen;3551532230
Bauer, Insa;Dinosaurier-Wissen;Loewe;3785552149
Bauer, Insa;Doppeltes Spiel;Loewe;378554037X
Bauer, Insa;Ein toller Schultag;Arena;3401083414
Bauer, Insa;Geheimnis auf Burg Falkenstein;Loewe;3785539606
Bauer, Insa;Geheimnis um die alte Villa;Cbj;3570130495
Bauer, Insa;Hannibal geht in die Luft;Carlsen;3551043515
Bauer, Insa;Hannibal, der Weihnachtshase;Carlsen;3551058369
Bauer, Insa;Hannibals Frühlingsrolle;Carlsen;3551057079
Bauer, Insa;Hannibals Gutenachtgeschichte;Carlsen;3551057052
Bauer, Insa;Indianer-Wissen;Loewe;3785553803
Bauer, Insa;Knifflige Fälle für Pia und Mecki;Arena;3401073281
Bauer, Insa;Kühle Köpfe - Heiße Spuren - Detektivgeschichten zum Mitraten;Arena;3401003860
Bauer, Insa;Lehrer unter Verdacht;Loewe;3785538057
Bauer, Insa;Lukas und die kleinen Igel;Bertelsmann;3570216470
Bauer, Insa;Mein Ravensburger Buch der Pferde & Ponys (I);Ravensburger;3473551503
Bauer, Insa;Mein Ravensburger Buch der Pferde & Ponys (II);Ravensburger;3473551503
Bauer, Insa;Mein Ravensburger Buch der Pferde & Ponys (III);Ravensburger;3473551503
Bauer, Insa;Mineralien-Wissen;Loewe;378556032X
Bauer, Insa;Pferde-Wissen;Loewe;3785550286
Bauer, Insa;Raudi aus dem Tierheim;Carlsen;3551037302
Bauer, Insa;Rittergeschichten;Arena;340107542X
Bauer, Insa;Schloss der Schatten;gondolino;381122851X
Bauer, Insa;Spuk am Geistersee (hier: Doppeltes Spiel);gondolino;3811227149
Bauer, Insa;Spuk am Geistersee (hier: Spuk am See);gondolino;3811227149
Bauer, Insa;Spuk am See;Loewe;3785536704
Bauer, Insa;Steinzeit-Wissen;Loewe;3785543301
Bauer, Insa;Tatort Lindenschule;Loewe;3785535481
Bauer, Insa;Tierdieben auf der Spur;Loewe;3785540388
Bauer, Insa;Überraschung für den Weihnachtsmann;Edition Bücherbär im Arena Verlag, Würzburg;3401073621
Bauer, Insa;Was steckt hinter Jupitther?;Bertelsmann;3570210340
Bauer, Irmgard;Feuer am See (Roman aus der Bronzezeit);Metz;3927655317
Bauer, Jutta;Abends, wenn ich schlafen geh;Carlsen;355151688X
Bauer, Jutta;Die Königin der Farben;Beltz & Gelberg;3407792212
Bauer, Jutta;Opas Engel;Carlsen;3551515433
Bauer, Jutta;Schreimutter;Beltz & Gelberg;3407792646
Bauer, Marion Dane;Rumpel, der Bär;dtv;3423623381
Bauer, Marion Dane;Winzling;dtv Reihe Hanser;3423622083
Bauer, Marion Dane;Zutritt erst ab 10;dtv junior;3423712473
Bauer, Marion Dane;Zutritt erst ab 10;dtv junior;3423712473
Bauer, Petra A.;An Exciting Cruise, Eine abenteuerliche Kreuzfahrt;Langenscheidt;3468204469
Baugsto, Line;Tara und der Krempelkobold;Dressler;3791526723
Baukhage, Manon;Der Tisch von Otto Hahn (Faszinierende Erfindungen, die unsere Welt veränderten) - Galileo Galilei: Ein neues Bild des Himmels;Ravensburger;3473551198
Baukhage, Manon;Der Tisch von Otto Hahn (Faszinierende Erfindungen, die unsere Welt veränderten) - Isaac Newton: Ein Apfel, zwei Prismen, drei Weltgesetze;Ravensburger;3473551198
Baukhage, Manon;Der Tisch von Otto Hahn (Faszinierende Erfindungen, die unsere Welt veränderten) - Johannes Gutenberg: Lettern, die die Welt veränderten;Ravensburger;3473551198
Baukhage, Manon;Der Tisch von Otto Hahn (Faszinierende Erfindungen, die unsere Welt veränderten) - Johannes Kepler: Planetenbahnen und der Traum vom Mond;Ravensburger;3473551198
Baukhage, Manon u.a.; Technik von A - Z (I);Ravensburger;3473358533
Baukhage, Manon u.a.; Technik von A - Z (II);Ravensburger;3473358533
Baukhage, Manon, u.a.; Technik von A - Z (III);Ravensburger;3473358533
Baum, L. Frank;Der Zauberer von Oos;Dressler;3791535005
Baum, L. Frank;Der Zauberer von Oz;Arena;340104494X
Baum, L. Frank;Der Zauberer von Oz;Coppenrath;3815739896
Baum, L. Frank;Der Zauberer von Oz;Dressler;3791535986
Baumann, Anne-Sophie;Rund ums Wetter - Spannendes von Blitz, Donner und Hagelsturm (I);Esslinger;3480223079
Baumann, Anne-Sophie;Rund ums Wetter - Spannendes von Blitz, Donner und Hagelsturm (II);Esslinger;3480223079
Baumann, Anne-Sophie;Rund ums Wetter - Spannendes von Blitz, Donner und Hagelsturm (III);Esslinger;3480223079
Baumann, Hans;Der Bär und seine Brüder;Ravensburger;3473396400
Baumann, Hans;Der Sohn des Columbus;dtv junior;3423074299
Baumann, Hans;Der Sohn des Columbus;dtv junior;3423074299
Baumann, Hans;Die Drei im blauen Ballon;Thienemann;352241330X
Baumann, Hans;Glücksmärchen;Loewe;3785518870
Baumann, Hans;Gruselmärchen;Loewe;3785519087
Baumann, Hans;Ich zog mit Hannibal;dtv junior;342307048X
Baumann, Hans;Ich zog mit Hannibal;dtv junior;342307048X
Baumann, Hans;Lügenmärchen;Loewe;3785519559
Baumann, Hans;Spaßmärchen;Loewe;3785519095
Baumann, Hans;Tiermärchen;Loewe;3785518889
Baumann, Hans;Wunschmärchen;Loewe;3785519567
Baumann, Kurt;Piro und die Dampflok;Findling Buchverlag Lüneburg;3935541635
Baumann, Stephan;So leben wir Ritter;ars Edition;3760724930
Baumbach, Martina;Das Schatzsucherfest oder Rikes ganz besonderer Geburtstag;Gabriel;3522301145
Baumbach, Martina;Jetzt trau ich mich!;Gabriel;3522301390
Baumbach, Martina;Jule - bärenstark!;Oetinger;378913161X
Baumbach, Martina;Paul zieht aus;Oetinger;3789106267
Baumbach, Martina;Paul zieht aus;Oetinger;3789106267
Baumeister, Anton;Das große Bilderlexikon (I);Loewe;3785559976
Baumeister, Anton;Das große Bilderlexikon (II);Loewe;3785559976
Baumeister, Anton;Das große Bilderlexikon (III);Loewe;3785559976
Baumgart, Klaus;Die Feder;Baumhaus;3831504202
Baumgart, Klaus;Elli - Ungeheuer geheim;Baumhaus;3833901918
Baumgart, Klaus;Laura kommt in die Schule;Baumhaus;3831504008
Baumgart, Klaus;Laura und der Freundschaftsbaum;Baumhaus;3833901187
Baumgart, Klaus;Laura und die Katze;Carlsen;3551057737
Baumgart, Klaus;Laura's Star;Little Tiger;1854306960
Baumgart, Klaus;Lauras erste Übernachtung;Baumhaus;3833901055
Baumgart, Klaus;Lauras Ferien;Baumhaus;3833901071
Baumgart, Klaus;Lauras Geheimnis;Baumhaus;3831503087
Baumgart, Klaus;Lauras Stern;Baumhaus;3831500061
Baumgart, Klaus;Lauras Stern - Im Park;Carlsen;3551057737
Baumgart, Klaus;Lauras Stern - Laura und der Sturm;Carlsen;3551057737
Baumgart, Klaus;Lauras Stern - Laura'nin yildizi;Baumhaus;3831500045
Baumgart, Klaus;Lauras Stern - Unterwegs mit dem Fahrrad;Carlsen;3551057737
Baumgart, Klaus;Lauras Stern und die Traummonster;Baumhaus;3833900601
Baumgart, Klaus;Lauras Sternenabenteuer (2 Geschichten);Baumhaus;3833900806
Baumgart, Klaus;Lauras Weihnachtsstern;Baumhaus;3909480071
Baumgart, Klaus;Lenny und Twiek - Das Nichts;Baumhaus;3833901799
Baumgart, Klaus;Lenny und Twiek - Freund gesucht;Baumhaus;3833901802
Baumgart, Klaus;Lukas und der Wunschkäfer;Baumhaus;3909484239
Baumgart, Klaus;Nils und der Nikolaus;Baumhaus;3909480233
Baumgart, Klaus;Tobi, ein allerliebstes Ungeheuer;Baumhaus;3909480063
Baumgart, Klaus;Überrascht;Baumhaus;3831500134
Baumgart, Klaus;Ungeheuerlich;Novatext;3700409117
Baumgarten, Fritz;Ferien in Wichtelhausen;Schwager und Steinlein;389600476X
Baumgarten, Fritz;Fröhliche Weihnachten!;Esslinger;3872863312
Baumgarten, Fritz;Thomas bei den Zwergen;Schwager und Steinlein;3896004786
Baur, Marie;Axel und Ernst: Freunde?!;Hamburger Kinderbuch Verlag;3866310056
Bausenwein, Christoph;Fußballbuch;Tessloff;3788609680
Baussier, Sylvie;Die Römer;Fleurus;389717281X
Bayer, Ingeborg;Jacobäas Traum;Arena;3401054120
Bayer, Ingeborg;Jacobäas Traum;Arena;3401054120
Bayer, Michael;Ich habe Schnupfen;Carlsen;355107013X
Bayer, Robert;Eine Mehlnase kommt selten allein;G & G Verlagsgesellschaft;3707403440
Bayer, Rooobert;Das Versteck auf dem Bauernhof;Loewe;3785541163
Beames, Margaret;Die Glocke von Shearwater;Ravensburger;3473522236
Beatrix Potter;The Tale of Peter Rabbit;Frederick Warne;723247706X
Beaumont, Émilie; Dein buntes Wörterbuch der Berge (I);Fleurus;3897170795
Beaumont, Émilie; Dein buntes Wörterbuch der Berge (II);Fleurus;3897170795
Beaumont, Émilie; Dein buntes Wörterbuch der Berge (III);Fleurus;3897170795
Beaumont, Émilie; Dein buntes Wörterbuch der Berge (IV);Fleurus;3897170795
Beaumont, Emilie; Dein buntes Wörterbuch der Bibel (I);Fleurus;3897170868
Beaumont, Emilie; Dein buntes Wörterbuch der Bibel (II);Fleurus;3897170868
Beaumont, Emilie; Dein buntes Wörterbuch der Bibel (III);Fleurus;3897170868
Beaumont, Emilie; Dein buntes Wörterbuch der Bibel (IV);Fleurus;3897170868
Beaumont, Emilie; Dein buntes Wörterbuch der Bibel (V);Fleurus;3897170868
Beaumont, Emilie; Dein buntes Wörterbuch der Tiere (I);Fleurus;3897172399
Beaumont, Emilie; Dein buntes Wörterbuch der Tiere (II);Fleurus;3897172399
Beaumont, Emilie; Dein buntes Wörterbuch der Tiere (III);Fleurus;3897172399
Beaumont, Emilie; Dein buntes Wörterbuch der Tiere (IV);Fleurus;3897172399
Beaumont, Emilie; Dein buntes Wörterbuch Erfindungen (I);Fleurus;3897171627
Beaumont, Emilie; Dein buntes Wörterbuch Erfindungen (II);Fleurus;3897171627
Beaumont, Emilie; Dein buntes Wörterbuch Erfindungen (III);Fleurus;3897171627
Beaumont, Emilie; Dein buntes Wörterbuch Erfindungen (IV);Fleurus;3897171627
Beaumont, Emilie; Dein buntes Wörterbuch Geschichte (I);Fleurus;3897173247
Beaumont, Emilie; Dein buntes Wörterbuch Geschichte (II);Fleurus;3897173247
Beaumont, Emilie; Dein buntes Wörterbuch Geschichte (III);Fleurus;3897173247
Beaumont, Emilie; Dein buntes Wörterbuch Geschichte (IV);Fleurus;3897173247
Beaumont, Emilie; Dein buntes Wörterbuch Geschichte (V);Fleurus;3897173247
Beaumont, Émilie;Dein buntes Wörterbuch - Dinosaurier und Vorgeschichte (III);Fleurus;3897172186
Beaumont, Emilie;Dein buntes Wörterbuch des Weltraums;Fleurus;3897170728
Beaumont, Émilie;Dinosaurier und Vorgeschichte (I);Fleurus;3897172186
Beaumont, Émilie;Dinosaurier und Vorgeschichte (II);Fleurus;3897172186
Beaumont, Emilie;Insekten;Fleurus;3897173034
Beaumont, Emilie;Raubtiere;Fleurus;3897172259
Beaumont, Emilie; Dein buntes Wörterbuch der Kinder der Welt (II);Fleurus;3897170221
Bechstein, Ludwig;Das Märchen vom Schlaraffenland;Karl Müller;3898938719
Bechstein, Ludwig;Der Müller und die Nixe;Karl Müller;3898938719
Bechstein, Ludwig;Goldmarie und Pechmarie;Karl Müller;3898939057
Bechstein, Ludwig;Märchen von Ludwig Bechstein;Beltz & Gelberg;3407801807
Bechtold, Andreas;Pico und die Feenfalle;Thienemann;3522180542
Beck, Alf;MuTIG und der Königsvogel;Droste Verlag, Düsseldorf;3770011538
Beck, Ian;Felix Furchtlos;Boje im Pestalozzi Verlag;3414820137
Beck, Marc;Gefangen im Land der Dinosaurier;gondolino;3811229168
Beck, Paul;Expedition Afrika - Abenteuer Safari (I);Oetinger;3789184187
Beck, Paul;Expedition Afrika - Abenteuer Safari (II);Oetinger;3789184187
Beck, Paul;Expedition Afrika - Abenteuer Safari (III);Oetinger;3789184187
Beck, Rufus (Herausgeber);Geschichten für uns Kinder (Teil 1);Rowohlt;3871345547
Beckedorff, Rainer F.;Pferdegeschichten;gondolino;3811219235
Becker, Antoinette;Und was wird aus uns?;Ravensburger;347333507X
Becker, Barbara;Mina oder: Wer rettet Abazattara?;Kallmeyer;3780080087
Becker, Christoph;Paul Gauguin - Eine Reise nach Tahiti;Prestel;3791319523
Becker, Mario;Packendes Finale;Kerle;3451704498
Becker, Mario;Wer holt die Meisterschaft;Kerle;3451704374
Becker,Suzy;Mannis Kühe machen Mühe;Boje;3414820056
Beckett, Wendy;Der Herzog und die Bauern - Vom Leben im Mittelalter;Prestel;3791317989
Beckmann, Lena;Frech und funky;Econ;3612273698
Beddor, Frank;Das Spiegellabyrinth;dtv junior extra;3423712104
Bedford, David;Kleine Maus ganz groß;Pestalozzi;3414819341
Bedürftig, Friedemann;Goethe - Zum Schauen bestellt;Ehapa Comic;377041750X
Beecher-Stowe, Harriet;Onkel Toms Hütte;unipart (im area Verlag, Erftstadt);389996148X
Beecher-Stowe, Harriet;Onkel Toms Hütte;unipart (im area Verlag, Erftstadt);389996148X
Beer, Hans de;Alles im Griff!;Nord-Süd;3314009313
Beer, Hans de;Bitte recht freundlich!;Nord-Süd;3314005563
Beer, Hans de;Der kleine Eisbär (Malbuch);Nord-Süd;3314012969
Beer, Hans de;Der kleine Eisbär 2, Eine Freundin für Caruso;Xenos;3821232420
Beer, Hans de;Der kleine Eisbär besucht seine Freunde (Malbuch);Nord-Süd;3314014007
Beer, Hans de;Der kleine Eisbär hat viele Freunde;Carlsen;3551057621
Beer, Hans de;Der kleine Eisbär rettet die Rentiere;Nord-Süd;3314014503
Beer, Hans de;Der kleine Eisbär und der Angsthase;Nord-Süd;3314006756
Beer, Hans de;Der kleine Eisbär und der Angsthase;Findling Buchverlag Lüneburg;3937054138
Beer, Hans de;Der kleine Eisbär und der Angsthase - Küçük Beyaz Ayi ile Korkak Tavsan;Nord-Süd;3314011660
Beer, Hans de;Dicke Luft!;Nord-Süd;3314007663
Beer, Hans de;Ich bin MäuseKatzenBärenStark;Findling Buchverlag Lüneburg;3937054537
Beer, Hans de;Kleiner Braunbär, wovon träumst du?;Nord-Süd;3314006039
Beer, Hans de;Kleiner Eisbär hilf mir fliegen!;Nord-Süd;3314011776
Beer, Hans de;Kleiner Eisbär in der Walbucht;Nord-Süd;3314016255
Beer, Hans de;Kleiner Eisbär komm bald wieder!;Nord-Süd;331400690X
Beer, Hans de;Kleiner Eisbär komm bald wieder!;Nord-Süd;331400690X
Beer, Hans de;Kleiner Eisbär lass mich nicht allein;Nord-Süd;3314009550
Beer, Hans de;Kleiner Eisbär nimm mich mit;Nord-Süd;3314003447
Beer, Hans de;Kleiner Eisbär, kennst du den Weg?;Nord-Süd;3314007574
Beer, Hans de;Kleiner Eisbär, wohin fährst du?;Nord-Süd;3314002904
Beer, Hans de;Küçük Beyaz Ayi, Yardim Et Uçayim! - Kleiner Eisbär hilf mir fliegen!;Nord-Süd;3314011997
Beer, Hans de;Le voyage de Plume;Éditions Nord Sud;3314216033
Beer, Hans de;Leonardos großer Traum;Nord-Süd;3314013671
Beer, Hans de;Little Polar Bear;Nord-Süd;1558583580
Beer, Hans de;Little Polar Bear and the Brave Little Hare;Nord-Süd;1558583572
Beer, Hans de;Little Polar Bear, Take Me Home!;Nord-Süd;073581497X
Beer, Hans de;Papa Wapper und das rote Wohnmobil;Nord-Süd;3314006594
Beer, Hans de;Pixi-Bücher - Der kleine Eisbär hat Spaß;Pixi Buch;3551057621
Beer, Hans de;Plume au pays des tigres;Éditions Nord Sud;3314212178
Beer, Hans de;Plume en bateau;Éditions Nord Sud;3314208987
Beer, Hans de;Plume et la station polaire;Éditions Nord Sud;3314212186
Beer, Hans de;Plume et le chien de traîneau;Éditions Nord Sud;3314214871
Beer, Hans de;Plume s'échappe;Éditions Nord Sud;3314209002
Beer, Hans de;Verflixt und zugenagelt!;Nord-Süd;3314009194
Behling, Jan;Vom Geld (I);Kosmos;344010186X
Behling, Jan;Vom Geld (II);Kosmos;344010186X
Behling, Jan;Vom Geld (III);Kosmos;344010186X
Behn, Harry;Halloween;North South Books;7358160935
Behncke, Waldrun;Gottfried, das fliegende Schwein;Beltz & Gelberg;3407780583
Behrendt-Roden, Ulla;Technik (I);Brockhaus, Mannheim;3765322911
Behrendt-Roden, Ulla;Technik (II);Brockhaus, Mannheim;3765322911
Behrendt-Roden, Ulla;Technik (III);Brockhaus, Mannheim;3765322911
Behrendt-Roden, Ulla;Technik (IV);Brockhaus, Mannheim;3765322911
Behrendt-Roden, Ulla;Technik (V);Brockhaus, Mannheim;3765322911
Behrendt-Roden, Ulla;Technik (VI);Brockhaus, Mannheim;3765322911
Behrens, Katja;Hathaway Jones;Beltz & Gelberg;3407808968
Behrens, Katja;Hathaway Jones und die schöne Flora Dell;Beltz & Gelberg;340774045X
Beile-Bowes, Alice;Robin Hood and the Magic Trick;Klett;3125713307
Beile-Bowes, Alice;Robin Hood and the Magic Trick;Klett;3125713307
Bekker, Alfred;Der Hund des Unheils;Ueberreuter;3800051494
Bekker, Alfred;Der neue Star;Ueberreuter;3800053721
Bekker, Alfred;Gefangen in der belagerten Stadt ;Ueberreuter;3800053144
Bekker, Alfred;Gefangen in der belagerten Stadt ;Ueberreuter;3800053144
Bekker, Alfred;Leonardo und der Fluch des Schwarzen Todes;Arena;3401500120
Bekker, Alfred;Leonardo und die Bruderschaft des heiligen Schwerts;Arena;3401500139
Bekker, Alfred;Leonardo und die Bruderschaft des heiligen Schwerts;Arena;3401500139
Bekker, Alfred;Ragnar, der Wikinger;Ueberreuter;3800054191
Bekker, Alfred;Überfall auf das Drachenschiff;dtv junior;3423712929
Bekker, Alfred;Verschwörung gegen Baron Wildenstein;dtv junior;3423713291
Bekker, Alfred;Verschwörung gegen Baron Wildenstein;Ueberreuter;3800051214
Bekker, Alfred;Wolfram und die Raubritter;Ueberreuter;3800052296
Belinga Belinga, Jean-Felix;Wir drei gegen Onkel Chef;Beltz & Gelberg;3407783094
Bellinda;Alarm im Laboratorium (Ein Ratekrimi um Marie Curie);Loewe;3785563779
Bellinda;Das gestohlene Wikingerschwert;gondolino;3811230026
Bellinda;Der gestohlene Geigenkasten (Ein Ratekrimi um Albert Einstein);Loewe;3785557582
Bellinda;Diamantenraub um Mitternacht. Ein Ratekrimi aus Südafrika;Loewe;3785557590
Bellinda;Geheimnis auf der Ritterburg;gondolino;381122915X
Bellinda;Ostergeschichten;gondolino;3811230743
Bellinda;Ostergeschichten;gondolino;3811227025
Bellinda;Verrat unterm Sternenhimmel (ein Ratekrimi um Galileo Galilei);Loewe;3785545614
Bemelmans, Ludwig;Madeline and the Bad Hat;Viking Books;670446149A
Bemelmans, Ludwig;Madeline's Christmas;Puffin Books;1405665035
Bemelmans, Ludwig;Madeline's Rescue;Viking Books;140566511
Ben Jelloun, Tahar;Die Schule der Armen;Rowohlt;3499212595
Ben Jelloun, Tahar;Papa, was ist der Islam? - Gespräch mit meinen Kindern;BVT Berliner Tb.-Verlag;3833300507
Ben Jelloun, Tahar;Papa, was ist der Islam? - Gespräch mit meinen Kindern;BVT Berliner Tb.-Verlag;3833300507
Ben Jelloun, Tahar;Papa, was ist ein Fremder?;ro ro ro;3499211459
Ben Kemoun, Hubert;Tous les jours, c'est foot !;Nathan Jeunesse;2092824082
Ben Nevis;Fluch des Piraten;Kosmos;3440109003
Bender, Lionel;Erfindungen. Vom Handbohrer der Steinzeit bis zum Superrechner unserer Tage (I);Gerstenberg;3806745862
Bender, Lionel;Erfindungen. Vom Handbohrer der Steinzeit bis zum Superrechner unserer Tage (II);Gerstenberg;3806745862
Bender, Lionel;Erfindungen. Vom Handbohrer der Steinzeit bis zum Superrechner unserer Tage (III);Gerstenberg;3806745862
Benke, Britta;Kandinsky - Wer ist eigentlich dieser Kandinsky (II);Kindermann;3934029329
Benke, Britta;Kandinsky - Wer ist eigentlich dieser Kandinsky (III);Kindermann;3934029329
Benke, Britta;Kandinsky - Wer ist eigentlich dieser Kandinsky? (I);Kindermann;3934029329
Benke, Britta;Picasso - Wer ist eigentlich dieser Picasso?;Kindermann;3934029272
Bennett, Paul;Die Unterwasserwelt;ars Edition;3760746977
Bennett, Rodney;Adlerjunge;dtv junior;3423703377
Benra, Alexander;Robin Hood - Abenteuergeschichten;Ueberreuter;3800053292
Benra, Alexander;Schulgeschichten;Tosa;3850030105
Bente, Liz L. Daehli;Helle fängt sich einen Opa;Dressler;3791503901
Bentele, Günther;Blutiges Pergament;cbt;357030132X
Bentele, Günther;Blutiges Pergament;cbt;357030132X
Bentele, Günther;Riss im Spiegel;Thienemann;3522177533
Benton, Mike;Die Welt der Dinosaurier (I);Arena;340105435X
Benton, Mike;Die Welt der Dinosaurier (II);Arena;340105435X
Benton, Mike;Die Welt der Dinosaurier (III);Arena;340105435X
Berbig, Renus;Hörst du auch das Gras wachsen?;Carlsen;3551057478
Berbig, Renus;Ritta Britta;Carlsen;3551057427
Berenstain, Stan;The Berenstain Bears' Funny Valentine;Random House Books for Young Readers;375811265
Berg, Christian;Das Monster Hagodadus;Thienemann;3522177398
Berg, Christian;Tamino Pinguin;Thienemann;3522174356
Berg, Christian;Tamino Pinguin und der Geist Manitus;Thienemann;3522174666
Berg, Christian;Tamino Pinguin und der kleine, böse Klaus;Thienemann;3522175506
Berg, Christian;Tamino Pinguin und die Sache mit dem Ei;Thienemann;3522174356
Berg, Christian;Tamino und das größte und schönste Geschenk der Welt;Carlsen;3551057672
Berg, Judit;Was für ein Wetter!;Schenk Verlag;3939337234
Berg, Katharina;Philipp und der neue Papa;Arena;3401072773
Berger, Antonia (Hg);Sommer, Sonne, Ferienglück;Omnibus;3570218163
Berger, Barbara;Großvater Dämmerlicht;Gerstenberg;3806740267
Berger, Ilse;Brumm Brumm der kleine Bär;Schwager und Steinlein;3896001647
Berger, Margot;Ein starkes Team;Arena;3401019732
Berger, Margot;Freundschaftsprobe - Eine wahre Pferdegeschichte;Ensslin im Arena Verlag, Würzburg;3401452789
Berger, Margot;Reiterhofgeschichten;Arena;3401085085
Berger, Margot;Rettung aus der Flut;Ensslin im Arena Verlag, Würzburg;3401452525
Berger, Margot;SOS - Pferd verschwunden;Arena;3401019724
Berger, Margot;Wilde Jagd am Meer;Ensslin im Arena Verlag, Würzburg;3401451324
Berger, Ulrike;Die Chemie-Werkstatt - Spannende Experimente ganz ohne Labor;Velber im OZ Verlag;3866135092
Berger, Ulrike;Die Hör-Werkstatt. Spannende Experimente mit Klängen und Farben (I);Velber im OZ Verlag;3898582663
Berger, Ulrike;Die Licht-Werkstatt. Spannende Experimente rund um Licht und Farben (I);Velber im OZ Verlag;3898582590
Berger, Ulrike;Die Pflanzen-Werkstatt. Spannende Experimente auf Balkon und Fensterbank (I);Velber im OZ Verlag;3866135084
Berger, Ulrike;Die Sand-Werkstatt Spannende Experimente mit Sand und Wasser(I);Velber im OZ Verlag;389858268X
Berger, Ulrike;Die Sinnes-Werkstatt: Spannende Experimente mit Auge, Hand und Ohr (I);Velber im OZ Verlag;3898582817
Berger, Ulrike;Die Sinnes-Werkstatt: Spannende Experimente mit Auge, Hand und Ohr (II);Velber im OZ Verlag;3898582817
Berger, Ulrike;Die Wasser-Werkstatt. Spannende Experimente rund um Eis und Wasser (I);Velber im OZ Verlag;3898582655
Berger, Ulrike;Die Zauber-Werkstatt (I);Velber im OZ Verlag;3866135513
Berger, Ulrike;Die Zauber-Werkstatt (II);Velber im OZ Verlag;3866135513
Berger, Ulrike;Die Zauber-Werkstatt (III);Velber im OZ Verlag;3866135513
Berger, Ulrike;Frieren Pinguine an den Füßen?;Velber im OZ Verlag;3866135254
Berger, Ulrike;Frieren Pinguine an den Füßen? - Verblüffende Antworten über Eis und Schnee (I);Velber im OZ Verlag;3866135254
Berger, Ulrike;Frieren Pinguine an den Füßen? - Verblüffende Antworten über Eis und Schnee (II);Velber im OZ Verlag;3866135254
Berger, Ulrike;Frieren Pinguine an den Füßen? - Verblüffende Antworten über Eis und Schnee (III);Velber im OZ Verlag;3866135254
Berger, Ulrike;Frieren Pinguine an den Füßen? - Verblüffende Antworten über Eis und Schnee (IV);Velber im OZ Verlag;3866135254
Berger, Ulrike;Können Schmetterlinge hören;Velber im OZ Verlag;3898582272
Berger, Ulrike;Können Schmetterlinge hören? - Verblüffende Antworten über kleine Tiere (I);Velber im OZ Verlag;3866132271
Berger, Ulrike;Können Schmetterlinge hören? - Verblüffende Antworten über kleine Tiere (I);Velber im OZ Verlag;3898582272
Berger, Ulrike;Können Schmetterlinge hören? - Verblüffende Antworten über kleine Tiere (II);Velber im OZ Verlag;3866132271
Berger, Ulrike;Können Schmetterlinge hören? - Verblüffende Antworten über kleine Tiere (II);Velber im OZ Verlag;3898582272
Berger, Ulrike;Können Schmetterlinge hören? - Verblüffende Antworten über kleine Tiere (III);Velber im OZ Verlag;3898582272
Berger, Ulrike;Können Schmetterlinge hören? - Verblüffende Antworten über kleine Tiere (III);Velber im OZ Verlag;3866132271
Berger, Ulrike;Können Schmetterlinge hören? - Verblüffende Antworten über kleine Tiere (IV);Velber im OZ Verlag;3898582272
Berger, Ulrike;Können Schmetterlinge hören? - Verblüffende Antworten über kleine Tiere (IV);Velber im OZ Verlag;3866132271
Berger, Ulrike;Wann darf der Lokführer aufs Klo? (I);Velber im OZ Verlag;3866135246
Berger, Ulrike;Wann darf der Lokführer aufs Klo? (II);Velber im OZ Verlag;3866135246
Berger, Ulrike;Wann darf der Lokführer aufs Klo? (III);Velber im OZ Verlag;3866135246
Berger, Ulrike;Wann ist der Ball im Tor?;Velber im OZ Verlag;3866135068
Berger, Ulrike;Wann ist der Ball im Tor? - Verblüffende Antworten über Fußball (I);Velber im OZ Verlag;3866135068
Berger, Ulrike;Wann ist der Ball im Tor? - Verblüffende Antworten über Fußball (II);Velber im OZ Verlag;3866135068
Berger, Ulrike;Wann ist der Ball im Tor? - Verblüffende Antworten über Fußball (III);Velber im OZ Verlag;3866135068
Berger, Ulrike;Wann ist der Ball im Tor? - Verblüffende Antworten über Fußball (IV);Velber im OZ Verlag;3866135068
Berger, Ulrike;Warum glüht die Glühbirne?;Velber im OZ Verlag;3898582922
Berger, Ulrike;Warum haben Marienkäfer Punkte?;Velber im OZ Verlag;3866132972
Berger, Ulrike;Warum haben wir zehn Zehen? - Verblüffende Antworten über den Körper (I);Velber im OZ Verlag;386613200X
Berger, Ulrike;Warum haben wir zehn Zehen? - Verblüffende Antworten über den Körper (II);Velber im OZ Verlag;386613200X
Berger, Ulrike;Warum haben wir zehn Zehen? - Verblüffende Antworten über den Körper (III);Velber im OZ Verlag;386613200X
Berger, Ulrike;Warum haben wir zehn Zehen? - Verblüffende Antworten über den Körper (IV);Velber im OZ Verlag;386613200X
Berger, Ulrike;Warum hat ein Bagger Zähne?;Velber im OZ Verlag;3898582833
Berger, Ulrike;Warum hat ein Bagger Zähne? - Verblüffende Antworten über Baustellen (I);Velber im OZ Verlag;3898582833
Berger, Ulrike;Warum hat ein Bagger Zähne? - Verblüffende Antworten über Baustellen (II);Velber im OZ Verlag;3898582833
Berger, Ulrike;Warum hat ein Bagger Zähne? - Verblüffende Antworten über Baustellen (III);Velber im OZ Verlag;3898582833
Berger, Ulrike;Warum hat ein Bagger Zähne? - Verblüffende Antworten über Baustellen (IV);Velber im OZ Verlag;3898582833
Berger, Ulrike;Warum laufen Läufer links herum? - Verblüffende Antworten über Sport und Olympia (I);Velber im OZ Verlag;3866135602
Berger, Ulrike;Warum laufen Läufer links herum? - Verblüffende Antworten über Sport und Olympia (II);Velber im OZ Verlag;3866135602
Berger, Ulrike;Warum laufen Läufer links herum? - Verblüffende Antworten über Sport und Olympia (III);Velber im OZ Verlag;3866135602
Berger, Ulrike;Warum laufen Läufer links herum? - Verblüffende Antworten über Sport und Olympia (IV);Velber im OZ Verlag;3866135602
Berger, Ulrike;Warum regnet es im Regenwald? (I);Velber im OZ Verlag;3866135696
Berger, Ulrike;Warum regnet es im Regenwald? (II);Velber im OZ Verlag;3866135696
Berger, Ulrike;Warum regnet es im Regenwald? (III);Velber im OZ Verlag;3866135696
Berger, Ulrike;Warum stinkt der Käse? - Verblüffende Antworten über Essen und Trinken (I);Velber im OZ Verlag;386613293X
Berger, Ulrike;Warum stinkt der Käse? - Verblüffende Antworten über Essen und Trinken (II);Velber im OZ Verlag;386613293X
Berger, Ulrike;Warum stinkt der Käse? - Verblüffende Antworten über Essen und Trinken (III);Velber im OZ Verlag;386613293X
Berger, Ulrike;Warum stinkt der Käse? - Verblüffende Antworten über Essen und Trinken (IV);Velber im OZ Verlag;386613293X
Berger, Ulrike;Warum tragen Indianer Federn? - Verblüffende Antworten über Indianer;Velber im OZ Verlag;3866132948
Berger, Ulrike;Warum tragen Indianer Federn? - Verblüffende Antworten über Indianer (I);Velber im OZ Verlag;3866132948
Berger, Ulrike;Warum tragen Indianer Federn? - Verblüffende Antworten über Indianer (II);Velber im OZ Verlag;3866132948
Berger, Ulrike;Warum tragen Indianer Federn? - Verblüffende Antworten über Indianer (III);Velber im OZ Verlag;3866132948
Berger, Ulrike;Warum tragen Indianer Federn? - Verblüffende Antworten über Indianer (IV);Velber im OZ Verlag;3866132948
Berger, Ulrike;Was spuckt ein Vulkan? - Verblüffende Antworten über Naturgewalten (I);Velber im OZ Verlag;386613228X
Berger, Ulrike;Was spuckt ein Vulkan? - Verblüffende Antworten über Naturgewalten (II);Velber im OZ Verlag;386613228X
Berger, Ulrike;Was spuckt ein Vulkan? - Verblüffende Antworten über Naturgewalten (III);Velber im OZ Verlag;386613228X
Berger, Ulrike;Was spuckt ein Vulkan? - Verblüffende Antworten über Naturgewalten (IV);Velber im OZ Verlag;386613228X
Berger, Ulrike;Was wäscht der Waschbär? (I);Velber im OZ Verlag;3866130724
Berger, Ulrike;Was wäscht der Waschbär? (II);Velber im OZ Verlag;3866130724
Berger, Ulrike;Was wäscht der Waschbär? (III);Velber im OZ Verlag;3866130724
Berger, Ulrike;Welcher Gott gehört zu wem? - Verblüffende Antworten über die großen Religionen (I);Velber im OZ Verlag;3866135599
Berger, Ulrike;Welcher Gott gehört zu wem? - Verblüffende Antworten über die großen Religionen (II);Velber im OZ Verlag;3866135599
Berger, Ulrike;Welcher Gott gehört zu wem? - Verblüffende Antworten über die großen Religionen (III);Velber im OZ Verlag;3866135599
Berger, Ulrike;Welcher Gott gehört zu wem? - Verblüffende Antworten über die großen Religionen (IV);Velber im OZ Verlag;3866135599
Berger, Ulrike;Wen verflucht der Pharao? - Verblüffende Antworten über das alte Ägypten (I);Velber im OZ Verlag;3866135467
Berger, Ulrike;Wen verflucht der Pharao? - Verblüffende Antworten über das alte Ägypten (II);Velber im OZ Verlag;3866135467
Berger, Ulrike;Wen verflucht der Pharao? - Verblüffende Antworten über das alte Ägypten (III);Velber im OZ Verlag;3866135467
Berger, Ulrike;Wen verflucht der Pharao? - Verblüffende Antworten über das alte Ägypten (IV);Velber im OZ Verlag;3866135467
Berger, Ulrike;Wie hämmert der Hammerhai? - Verblüffende Antworten über Haie, Wale und Delfine (I);Velber im OZ Verlag;3866135475
Berger, Ulrike;Wie hämmert der Hammerhai? - Verblüffende Antworten über Haie, Wale und Delfine (II);Velber im OZ Verlag;3866135475
Berger, Ulrike;Wie hämmert der Hammerhai? - Verblüffende Antworten über Haie, Wale und Delfine (III);Velber im OZ Verlag;3866135475
Berger, Ulrike;Wie hämmert der Hammerhai? - Verblüffende Antworten über Haie, Wale und Delfine (IV);Velber im OZ Verlag;3866135475
Berger, Ulrike;Wie kommen die Streifen in die Zahnpasta?;Velber im OZ Verlag;3898582019
Berger, Ulrike;Wie kommen die Streifen in die Zahnpasta? - Verblüffende Antworten aus dem Alltag (I);Velber im OZ Verlag;3866132018
Berger, Ulrike;Wie kommen die Streifen in die Zahnpasta? - Verblüffende Antworten aus dem Alltag (II);Velber im OZ Verlag;3866132018
Berger, Ulrike;Wie kommen die Streifen in die Zahnpasta? - Verblüffende Antworten aus dem Alltag (III);Velber im OZ Verlag;3866132018
Berger, Ulrike;Wie kommen die Streifen in die Zahnpasta? - Verblüffende Antworten aus dem Alltag (IV);Velber im OZ Verlag;3866132018
Berger, Ulrike;Wie kommt der Fisch in die Stäbchen?;Velber im OZ Verlag;3866135335
Berger, Ulrike;Wie kommt der Fisch in die Stäbchen? - Verblüffende Antworten aus dem Alltag (I);Velber im OZ Verlag;3866135335
Berger, Ulrike;Wie kommt der Fisch in die Stäbchen? - Verblüffende Antworten aus dem Alltag (II);Velber im OZ Verlag;3866135335
Berger, Ulrike;Wie kommt der Fisch in die Stäbchen? - Verblüffende Antworten aus dem Alltag (III);Velber im OZ Verlag;3866135335
Berger, Ulrike;Wie kommt der Fisch in die Stäbchen? - Verblüffende Antworten aus dem Alltag (IV);Velber im OZ Verlag;3866135335
Berger, Ulrike;Wie kommt der Ritter in die Rüstung?;Velber im OZ Verlag;3898582701
Berger, Ulrike;Wie kommt der Ritter in die Rüstung? - Verblüffende Antworten über das Mittelalter (I);Velber im OZ Verlag;3898582701
Berger, Ulrike;Wie kommt der Ritter in die Rüstung? - Verblüffende Antworten über das Mittelalter (II);Velber im OZ Verlag;3898582701
Berger, Ulrike;Wie kommt der Ritter in die Rüstung? - Verblüffende Antworten über das Mittelalter (III);Velber im OZ Verlag;3898582701
Berger, Ulrike;Wie kommt der Ritter in die Rüstung? - Verblüffende Antworten über das Mittelalter (IV);Velber im OZ Verlag;3898582701
Berger, Ulrike;Wie kommt der Sand in die Wüste? (I);Velber im OZ Verlag;386613570X
Berger, Ulrike;Wie kommt der Sand in die Wüste? (II);Velber im OZ Verlag;386613570X
Berger, Ulrike;Wie kommt der Sand in die Wüste? (III);Velber im OZ Verlag;386613570X
Berger, Ulrike;Wie kommt der Sand in die Wüste? (IV);Velber im OZ Verlag;386613570X
Berger, Ulrike;Wie macht die Kuh die Milch?;Velber im OZ Verlag;3898582698
Berger, Ulrike;Wie macht die Kuh die Milch? - Verblüffende Antworten über den Bauernhof (I);Velber im OZ Verlag;3898582698
Berger, Ulrike;Wie macht die Kuh die Milch? - Verblüffende Antworten über den Bauernhof (II);Velber im OZ Verlag;3898582698
Berger, Ulrike;Wie macht die Kuh die Milch? - Verblüffende Antworten über den Bauernhof (III);Velber im OZ Verlag;3898582698
Berger, Ulrike;Wie macht die Kuh die Milch? - Verblüffende Antworten über den Bauernhof (IV);Velber im OZ Verlag;3898582698
Berger, Ulrike;Wie spült die Klospülung?;Velber im OZ Verlag;3898582574
Berger, Ulrike;Wie spült die Klospülung? - Verblüffende Antworten über Technik (I);Velber im OZ Verlag;3898582574
Berger, Ulrike;Wie spült die Klospülung? - Verblüffende Antworten über Technik (II);Velber im OZ Verlag;3898582574
Berger, Ulrike;Wie spült die Klospülung? - Verblüffende Antworten über Technik (III);Velber im OZ Verlag;3898582574
Berger, Ulrike;Wie spült die Klospülung? - Verblüffende Antworten über Technik (IV);Velber im OZ Verlag;3898582574
Berger, Ulrike;Wie viele Höcker hat ein Kamel? - Verblüffende Antworten aus der Tierwelt (I);Velber im OZ Verlag;3898582566
Berger, Ulrike;Wie viele Höcker hat ein Kamel? - Verblüffende Antworten aus der Tierwelt (II);Velber im OZ Verlag;3898582566
Berger, Ulrike;Wie viele Höcker hat ein Kamel? - Verblüffende Antworten aus der Tierwelt (III);Velber im OZ Verlag;3898582566
Berger, Ulrike;Wie viele Höcker hat ein Kamel? - Verblüffende Antworten aus der Tierwelt (IV);Velber im OZ Verlag;3898582566
Berger, Ulrike;Wo beginnt der Regenbogen?;Velber im OZ Verlag;3866135076
Berger, Ulrike;Wo beginnt der Regenbogen? - Verblüffende Antworten über Himmel und Erde (I);Velber im OZ Verlag;3866135076
Berger, Ulrike;Wo beginnt der Regenbogen? - Verblüffende Antworten über Himmel und Erde (II);Velber im OZ Verlag;3866135076
Berger, Ulrike;Wo beginnt der Regenbogen? - Verblüffende Antworten über Himmel und Erde (III);Velber im OZ Verlag;3866135076
Berger, Ulrike;Wo beginnt der Regenbogen? - Verblüffende Antworten über Himmel und Erde (IV);Velber im OZ Verlag;3866135076
Berger, Ulrike;Wo ist im Weltall oben und unten? - Verblüffende Antworten über den Kosmos (I);Velber im OZ Verlag;389858237X
Berger, Ulrike;Wo ist im Weltall oben und unten? - Verblüffende Antworten über den Kosmos (II);Velber im OZ Verlag;389858237X
Berger, Ulrike;Wo ist im Weltall oben und unten? - Verblüffende Antworten über den Kosmos (III);Velber im OZ Verlag;389858237X
Berger, Ulrike;Wo ist im Weltall oben und unten? - Verblüffende Antworten über den Kosmos (IV);Velber im OZ Verlag;389858237X
Berger, Ulrike;Woher kommen Blitz und Donner? - Verblüffende Antworten über Himmel und Erde (I);Velber im OZ Verlag;3866130732
Berger, Ulrike;Woher kommen Blitz und Donner? - Verblüffende Antworten über Himmel und Erde (II);Velber im OZ Verlag;3866130732
Berger, Ulrike;Woher kommen Blitz und Donner? - Verblüffende Antworten über Himmel und Erde (III);Velber im OZ Verlag;3866130732
Berger, Ulrike;Woher kommen Blitz und Donner? - Verblüffende Antworten über Himmel und Erde (IV);Velber im OZ Verlag;3866130732
Berger, Ulrike;Woher weiß der Toast, wann er fertig ist? - Verblüffende Antworten aus dem Alltag (I);Velber im OZ Verlag;389858240X
Berger, Ulrike;Woher weiß der Toast, wann er fertig ist? - Verblüffende Antworten aus dem Alltag (II);Velber im OZ Verlag;389858240X
Berger, Ulrike;Woher weiß der Toast, wann er fertig ist? - Verblüffende Antworten aus dem Alltag (III);Velber im OZ Verlag;389858240X
Berger, Ulrike;Woher weiß der Toast, wann er fertig ist? - Verblüffende Antworten aus dem Alltag (IV);Velber im OZ Verlag;389858240X
Berggren, Mats;Ganz schön blauäugig;Anrich;389106411X
Bergmoser, Jutta;Die Arche Noah;Carlsen;3551057141
Bergner, Edith;Der Star im Apfelbaum;KinderbuchVerlag, Der (bei Verlagsgruppe Beltz);3358030601
Bergström, Gunilla;Bist du feige, Willi Wiberg?;Oetinger;3789155365
Bergström, Gunilla;Du siehst Gespenster, Willi Wiberg;Oetinger;3789155535
Bergström, Gunilla;Ganz schön schlau, Willi Wiberg!;Oetinger;3789163058
Bergström, Gunilla;Gute Nacht, Willi Wiberg;Oetinger;3789155594
Bergström, Gunilla;Guten Tag, Herr Zauberer;Oetinger;3789116890
Bergström, Gunilla;Hör zu, was ich erzähle, Willi Wiberg!;Oetinger;3789163171
Bergström, Gunilla;Jetzt wird gefeiert, Willi Wiberg;Oetinger;3789155357
Bergström, Gunilla;Mach schnell, Willi Wiberg;Oetinger;3789155578
Bergström, Gunilla;Mehr Monster, Willi Wiberg!;Oetinger;3789163082
Bergström, Gunilla;Nur Mut, Willi Wiberg!;Oetinger;3789155543
Bergström, Gunilla;Nur Mut, Willi Wiberg!;Oetinger;3789155543
Bergström, Gunilla;Pass auf Willi Wiberg;Oetinger;3789155586
Bergström, Gunilla;Viel Spaß, Willi Wiberg;Oetinger;3789155527
Bergström, Gunilla;Was sagt dein Papa, Willi Wiberg?;Oetinger;3789163015
Bergström, Gunilla;Was schenkst du deinem Papa, Willi Wiberg?;Oetinger;3789163104
Bergström, Gunilla;Wer rettet Willi Wiberg?;Oetinger;3789155551
Bergström, Gunilla;Wie gut, dass Papa Willi Wiberg hat;Oetinger;3789163309
Bergström, Gunilla;Willi und sein heimlicher Freund;Oetinger;378915556X
Bergström, Gunilla;Willi Wiberg kann jetzt Schleifen machen;Oetinger;3789155381
Bergström, Gunilla;Willi Wiberg spielt doch nicht mit Mädchen;Oetinger;3789155349
Bergström, Gunilla;Willi Wiberg und das Ungeheuer;Oetinger;3789155373
Bergström, Gunilla;Wir bauen eine neue Welt, Willi Wiberg;Oetinger;3789163368
Bergström, Gunilla;Wo bist du, Willi Wiberg?;Oetinger;3789163430
Bernadette;Der Löwe und die Maus;Nord-Süd;3314009798
Bernadette;Hase Hannes bringt die Weihnachtspost;Nord-Süd;3314009046
Bernadette;Hudelpeter;Nord-Süd;3858253103
Bernadette;Stadtmaus und Landmaus;Nord-Süd;3314008953
