Blaha;Dominik;Hauserweg 2;4201;Gramastetten
Brankovic;Sasa;Im Doblerholz 24/3/12;4060;Leonding
Coban;Abdulsamet;Auer-Welsbachstraße 18;4050;Traun
Drössler;Maximilian Klaus Ludwig;Marco-Polo-Straße 7;4600;Wels
Filzmoser;Nico Julian;Bahnhofstraße 33;4240;Freistadt
Freller;Ralf;Rübenstraße 11a;4063;Hörsching
Gangl;Markus;Holzingerstraße 36;4020;Linz
Gogic;Anel;Wimmer Straße 10/3/20;4060;Leonding
Heinzelreiter;Bernhard;Veichter 76;4232;Hagenberg im Mühlkreis
Hidanovic´;Adnan;Dürerstraße 35;4030;Linz
Hofbauer;Daniel;Schwarzendorf 24;4203;Altenberg bei Linz
Holzmeister;Jakob Clemens;Schumannstraße 119;4040;Linz
Kriechbaumer;Patrick;Wimmerstraße 10/3/18;4060;Leonding
Litzlfellner;David;Prechtlerstraße 87;4030;Linz
Maslac´;Stefan;Stifter Straße 6;4061;Pasching
Merzinger;Manuel;Rudolf-Kunst-Gasse 20 b;4030;Linz
Moser;Stefan;Leonfeldnerstraße 55;4040;Linz
Neudorfer;Martin;Deisenham 17;4902;Wolfsegg am Hausruck
Nguyen Vo;Minh Ly;Karl-Steiger-Straße 64;4030;Linz
Osmanov;Magomed;Semmelweisstraße 52/7;4020;Linz
Pühringer;Paul;Kroißenweg 2;4209;Engerwitzdorf
Rechberger;Simon;Limberg 20;4201;Gramastetten
Reisinger;Michael;Libellenweg 24;4030;Linz
Setik;Erik;Julius-Raab Straße 15;4040;Linz
Sormaz;Miroslav;Guido Holzknecht-Straße 27/12;4050;Traun
Teodoro;Joel;Schickmayrstraße 21;4030;Linz
Tesanovic;Nikola;Wimmerstraße 10/4;4060;Leonding
Wandl;Markus;Oberlainsitz 21;3971;Sankt Martin
Yaprak;Hasan Alper;Dragonerstraße 27;4600;Wels