#;Klasse;Familienname;Vorname;Geburtsdatum;PLZ;Ort
1;1AHIF;Abazović;Emina;23.05.2006;4030;Linz
2;1AHIF;Atzlesberger;Samuel;31.12.2005;4030;Linz
3;1AHIF;Benza;Deborah;09.02.2006;4901;Ottnang
4;1AHIF;Böhm;Sophie;31.12.2005;4853;Steinbach am Attersee
5;1AHIF;Eichinger;Vincent;20.09.2004;4060;Leonding
6;1AHIF;Ekhator;Christian;13.01.2006;4020;Linz
7;1AHIF;Gabeljic;Amina;27.06.2006;4481;Asten
8;1AHIF;Hagmair;Florian;14.04.2006;4052;Ansfelden
9;1AHIF;Haider;Sophie;23.01.2006;4201;Eidenberg
10;1AHIF;Hartl;Michelle;27.09.2005;4072;Alkoven
11;1AHIF;Holzbauer;Lorenz;02.06.2006;4540;Pfarrkirchen bei Bad Hall
12;1AHIF;Hoyer;Lukas;09.08.2005;4040;Linz
13;1AHIF;Kapl;Julian;28.10.2005;4052;Ansfelden
14;1AHIF;Klatzer;Nicolas;11.06.2005;4030;Linz
15;1AHIF;LISA;Yannik;01.02.2006;4050;Traun
16;1AHIF;Marceta;Mia;17.02.2006;4020;Linz
17;1AHIF;Mc Neall;Laurent;27.04.2006;4020;Linz
18;1AHIF;Meyr;Julia;17.01.2006;4030;Linz
19;1AHIF;Pichler;Lisa;15.07.2006;4040;Linz
20;1AHIF;Plakolb;Elena;03.11.2005;4020;Linz
21;1AHIF;Pöllhuber;Cilia;14.01.2006;4533;Piberbach
22;1AHIF;Pradel;Victoria;14.09.2005;4204;Haibach
23;1AHIF;Primetzhofer;Celina;12.09.2005;4050;Traun
24;1AHIF;Pröller;David;03.09.2005;4053;Kremsdorf
25;1AHIF;Rabeder;Marcus;18.12.2005;4615;Holzhausen
26;1AHIF;Reingruber;Bernhard;17.10.2005;4204;Haibach
27;1AHIF;Sallahi;Rina;21.10.2004;4614;Marchtrenk
28;1AHIF;Seebacher;Maximilian;03.05.2005;4030;Linz
29;1AHIF;Walchshofer;Emma;25.06.2005;4040;Linz
30;1AHIF;Werner;Michael;03.12.2005;4222;St. Georgen an der Gusen
31;1AHIF;Werner;Stefan;04.10.2005;4040;Plesching
