Farasin;Vincenz;M;Alte Str. 4;4210;Gallneukirchen;Urfahr-Umgebung;HS;Gallneukirchen;Messe Wels
Böhm;Alexander;M;Kopernikusstr. 47;4020;Linz;Linz(Stadt);HS;Stekzhammerstr.;Messe Wels
Kopatsch;Michael;M;;4020;Linz;Linz(Stadt);AHS;Ramsauergymnasiu;Homepage
Dollhabl;Stefan;M;Stenkellnerstr.;4052;Ansfelden;Linz-Land;AHS;Hamerling;Messe Wels
Ziervogel;Lukas;M;Aukental 13;3361;Aschbach-Markt;Amstetten;HS;Aschbach;Messe Wels
Landl;Markus;M;;4052;Ansfelden;Linz(Stadt);AHS;BRG Hammerlingstr.;Messe Wels
Hörschläger;Oliver;M;Antzing 34;4113;Sankt Martin im Mühlkreis;Rohrbach;HS;Spotrhauptschul;Freunde
Fischlmeyr;'Markus;M;'Im Breitland 2;4030;Linz;Linz(Stadt);HS;17;Freunde
Wiesinger;Christian;M;Ruflingerstrasse 99;4060;Leonding;Linz-Land;HS;Leonding;Messe Wels
Reischl;Markus;M;Lärchenauerstraße 46a;4020;Linz;Linz(Stadt);HS;Leonding;Messe Wels
Cagelj;Filip;M;Steiglandweg 7;4060;Leonding;Linz-Land;HS;MHS Leonding;Messe Wels
Mitterbauer;Lisa;W;Niederfeld 6;4062;Kirchberg-Thening;Linz-Land;HBLA;Landwied;Freunde
Neunteufel;Patrick;M;Scharitzerstr. 40;4020;Linz;Linz(Stadt);HS;HS 3 Stelzhammer;Schule
Schober;Karolina;M;Tattenbachstraße 8b;4060;Leonding;Linz-Land;HBLA;Landwied;Freunde
Sperl;Babara;W;Vogelfängerweg 44;4030;Linz;Linz(Stadt);HBLA;Landwied;Freunde
Ziegenbauer;Matthias;M;Langwies 7;4061;Pasching;Linz-Land;HS;Pasching;Freunde
Gerstel;Patrick;M;Langwies 5;4061;Pasching;Linz-Land;HS;Langholzfeld;Medienberichte
Punzenberger;Alexander;M;Dürnberg 76;4100;Ottensheim;Urfahr-Umgebung;HS;Ottensheim;Homepage
Holzinger;Mathias;M;;4800;Attnang-Puchheim;Vöcklabruck;HS;SHS 1 Schwanenstadt;Messe Wels
Hofinger;Melanie;W;Heliusalee 128;4030;Linz;Linz(Stadt);AHS;Hamerling;Freunde
Huemer;Laura;W;Franz-Eckerweg 11;4060;Leonding;Linz-Land;AHS;Hamerling;Freunde
Rittberger;Sarah;W;Ringstr.;4061;Pasching;Linz-Land;AHS;Hamerling;Messe Wels
Bichuwez;Christina;W;Großharterstr. 9;4062;Kirchberg-Thening;Linz-Land;AHS;Hamerling;Freunde
Pilz;Elisabeth;W;;3340;Waidhofen an der Ybbs;Waidhofen an der Ybbs(Stadt);HS;HS2 Zell;Messe Wels
Schickelgruber;Dominik;M;Silberlehensiedlung 2;4563;Micheldorf in Oberösterreich;Kirchdorf an der Krems;HS;HS 2 Kirchdorf;Messe Wels
Liedl;Philip;M;Moserstr. 1;4100;Ottensheim;Urfahr-Umgebung;AHS;Wilhering;Freunde
Schürz;Lukas;M;Hochbuchedt;4040;Linz;Linz(Stadt);HS;Helmonsödt;Messe Wels
Huber;Harald;M;Langwiesweg 1;4812;Altmünster;Gmunden;AHS;Gmunden;Homepage
Harnreich;Werner;M;Mörtelbauerweg 8;4030;Linz;Linz(Stadt);NULL;NULL;Homepage
Bikic;Matey;M;Kürnbergstrasse 15;4061;Pasching;Linz-Land;HS;HS Pasching;Messe Wels
Stockinger;Richard;M;;4710;Grieskirchen;Linz(Stadt);HS;Grieskirchen;Messe Wels
Frühwirth;Andre;M;Kirchbergweg 8;4800;Attnang-Puchheim;Vöcklabruck;AHS;;Freunde
Wallner;Philipp;M;Karl-Heinrich-Waggerl Str. 1;4800;Attnang-Puchheim;Vöcklabruck;AHS;Vöcklabruck;Messe Wels
Schickmair;Bernhard;M;;4812;Pinsdorf;Gmunden;AHS;Pensionat Gmunden;Messe Wels
Omeragich;ahmet;M;hauptplatz 9;4053;Ansfelden;Linz-Land;AHS;;Homepage
Hofstätter;Lukas;M;Friedenstr. 17;4060;Leonding;Linz-Land;AHS;Ramsauer;Schule
Schobesberger;Martin;M;Europerstr. 22;4020;Linz;Linz(Stadt);HS;HS Doppl;Homepage
Hintersteininger;Lars;M;Suttnerstr. 26;4030;Linz;Linz(Stadt);HS;HS 23 informatik;Sonstiges
Schwarz;Sarah;M;Rosenweg 6;4063;Hörsching;Linz-Land;AHS;BRG Traun;Homepage
Weidinger;Robin;M;Pegasusweg 17;4030;Linz;Linz(Stadt);AHS;Körner;Freunde
Haberleitner;Lukas;M;Winkelstr. 26;4060;Leonding;Linz-Land;HS;HS Hart;Sonstiges
Sadura;Jörg;M;Ischlerstrasse 7;4540;Pfarrkirchen bei Bad Hall;Steyr-Land;HS;SHS Neuhofen;Homepage
Schmied;Sophie;W;Traunkail 29;4820;Bad Ischl;Gmunden;HS;Bad Ischl;Messe Wels
Custovic;Acer;M;Negreleweg 8;4030;Linz;Linz(Stadt);AHS;HS 17;Schule
Misanovic;Dejan;M;Flötzerweg 148;4030;Linz;Linz(Stadt);HS;HS 17;Sonstiges
Danninger;Matthias;M;Gumperling 3;4062;Kirchberg-Thening;Linz-Land;Unbekannt;Poly Leonding;Freunde
Riedler;Markus;M;Radau 35;5351;Sankt Wolfgang im Salzkammergut;Gmunden;HS;Strobl;Freunde
Schmidberger;Fabian;M;;4600;Wels;Wels(Stadt);HS;HS 8 Wels;Messe Wels
Stürmer;REne;M;Blindendorf 34;4312;Ried in der Riedmark;Perg;HS;HS Ried;Homepage
Weixlbaumer;Andreas;M;Zoblstraße 39;4650;Lambach;Wels-Land;HS;Gym. Lambach;Homepage
Engleitner;Martin;M;Negrelistr.;4052;Ansfelden;Linz-Land;AHS;Kreuzschwesternschule Linz;Messe Wels
Engleitner;Martin;M;;4053;Ansfelden;Linz-Land;AHS;Kreuzschwesternschule Linz;Messe Wels
Hofmann;Philipp;M;Hofmannring 13;4470;Enns;Linz-Land;AHS;BG/BRG Enns;Schule
Haider;Alexander;M;Aichbergweg 9;4724;Neukirchen am Walde;Grieskirchen;HTL;HTL Neufelden;Freunde
Buzla;Johann;M;Zinögerweg 30;4020;Linz;Linz(Stadt);HS;Bisenfeld;Freunde
Radaelli;Markus;M;Rading 85;4580;Windischgarsten;Kirchdorf an der Krems;HS;HS2 Römerfeld;Messe Wels
Dorschak;Simon;M;Marcusgang 1;4030;Linz;Linz(Stadt);HS;17;Freunde
Knotz;Thomas;M;Bahnhofstr. 31;4580;Windischgarsten;Kirchdorf an der Krems;HS;HS2 Römerfeld;Messe Wels
Ratzig;Rene;M;Aigen 289;5351;Strobl;Salzburg-Umgebung;HS;HS Strobl;Homepage
Stangl;Philipp;M;Spallerhofstraße 3;4020;Linz;Linz(Stadt);HS;Sporthauptschule Linz;Schule
Spartt;Patrick;M;Karl Renner 10;4040;Linz;Linz(Stadt);HS;HS 27 Biesenfeld;Schule
Weichhart;Lukas;M;Ferdinandmarklstr 21;4040;Linz;Linz(Stadt);HS;HS 27;Schule
Klostermann;Michael;M;Pesenberg 4;4722;Peuerbach;Grieskirchen;AHS;Dachsberg;Homepage
Furtlehner;Markus;M;;4020;Linz;Linz(Stadt);HTL;MHS Leonding;Sonstiges
Weglehner;Julian;M;Neudorf 6;4292;Kefermarkt;Freistadt;HS;HS1 Freistadt;Sonstiges
Furtlehner;Markus;M;;4020;Linz;Linz(Stadt);HTL;MHS Leonding;Plakat
Pfeil;Johanna;W;Neuhausen 16;4860;Lenzing;Vöcklabruck;HBLA;Don Bosco;Homepage
Huber;Christian;M;Lohened 39;4880;Sankt Georgen im Attergau;Vöcklabruck;HS;HS St. Florian;Messe Wels
Burgstaller;Michael;M;Spitzweg 6;4040;Linz;Linz(Stadt);HS;HS 27;Messe Wels
Burgstaller;Michael;M;Spitzweg 6;4040;Linz;Linz(Stadt);HS;HS 27;Messe Wels
Minar;Jürgen;M;Billroth;4050;Traun;Linz-Land;AHS;Ramsauer;Freunde
neunteufel;matthias franz wilhelm;M;unter der brücke 3;4060;Leonding;Linz-Land;NULL;NULL;Schule
Franzl;Lukas;M;Hallerweg 1;4073;Wilhering;Linz-Land;AHS;Stiftsgymnasium;Messe Wels
Ebretsteiner;Manuel;M;Kafkaweg 15;4030;Linz;Linz(Stadt);AHS;Peuerbach;Sonstiges
Kropf;Simon;M;Espenweg 8;4048;Puchenau;;AHS;AHS Peuerbach;Freunde
Schindlauer;Oliver;M;Punzenberg 2a;4210;Gallneukirchen;;HS;HS1 Gallneukirchen;Homepage
Leitner;Andreas;M;Mühlbachweg 70;4801;Traunkirchen;Gmunden;AHS;Pensionat Gmunden;Messe Wels
Etzelstorfer;David;M;;666 ;Hell;Linz(Stadt);HTL;;Homepage
Gierlinger;Andreas;M;Griesmayrstraße 14;4040;Linz;Linz(Stadt);HS;HS 27;Schule
Pechhacker;Fabian;M;Ferihumerstr. 50;4040;Linz;Linz(Stadt);HS;27;Schule
Eissa-Sarghin;Tony;M;Leonfeldnerstraße 44;4040;Linz;Linz(Stadt);HS;HS 27;Schule
Sanli;Fathi;M;Hummelhostr.12;4020;Linz;Linz(Stadt);HS;22;Messe Wels
hinterblattner;johannes;M;Hinterholz 3;4310;Mauthausen;Perg;HS;mauthausen;Freunde
Gruber;Alexander;M;;4063;Hörsching;Linz(Stadt);AHS;BRG Hammerling;Messe Wels
Wallnberger;Martin;M;Bromberstraße 9;4484;Kronstorf;Linz-Land;HS;HS 2;Messe Wels
Wagner;Leon;M;Bockgasse 2c;4020;Linz;Linz(Stadt);HS;Freistadt;Messe Wels
HOfer;Christoph;M;Dorf 6;4089;Hartkirchen;;HS;Hartkirchen;Messe Wels
Ziegler;Dominik;M;;4053;Ansfelden;Linz-Land;HS;HS1 Haid;Homepage
Plöckinger;Tho,as;M;Händlstraße 41;4020;Linz;Linz(Stadt);Unbekannt;;Homepage
Krupka;Robert;M;Im Tal 16;4292;Kefermarkt;Freistadt;Unbekannt;;Homepage
Thalhamer;Claudia;M;Hirtstraße 1;4030;Linz;Linz(Stadt);AHS;Landwiedstraße;Schule
Fritz;Christian;M;;4081;Hartkirchen;Eferding;HS;HS Hartkirchen;Messe Wels
Cepek;Gerhard;M;Weißkirchenstr 31;4053;Ansfelden;Linz-Land;HS;HS1 Haid;Messe Wels
Kaufmann;Lukas;M;Ruprechtshofen 60;4491;Niederneukirchen;Linz-Land;HS;MHS Niederneukir;Messe Wels
Klanner;Patrick;M;;4671;Neukirchen bei Lambach;Wels-Land;HS;HS Lambach;Schule
Aignesberger;Lukas;M;Göthestr. 10;4800;Attnang-Puchheim;Vöcklabruck;AHS;Vöcklabruck;Freunde
Hinterdofer;Florian;M;;4501;Neuhofen an der Krems;Linz-Land;AHS;BRG-Traun;Messe Wels
Wildmann;Klaus;M;Marschnergasse 23;4020;Linz;Linz(Stadt);HS;ÜHS Adalbert Stifter Schule;Messe Wels
Sadleder;Bernd;M;Linzerstrasse 62a;4020;Linz;Linz(Stadt);AHS;Ramsauer;Freunde
Hochreiter;Philipp;M;Dr. Anton Eiselsbergstr.9;4840;Vöcklabruck;Vöcklabruck;HS;HS Vöcklabruck;Messe Wels
Födermayr;Philipp;M;Reisetbauerstr 17;4020;Linz;Linz(Stadt);HS;ÜHS Linz;Messe Wels
Kosterevac;Safeta;W;Pamsdorf 35;4661;Roitham;Gmunden;HS;Nordlaakirchen;Homepage
Stadler;Daniela;W;Wirth 1;4204;Haibach im Mühlkreis;Urfahr-Umgebung;HS;MHS Hellmonsödt;Messe Wels
Gaffl;Manuel;M;;4060;Leonding;Linz-Land;HS;MHS Leonding;Schule
Gundacker;Patrick;M;Fischerstr. 46;4652;Fischlham;Wels-Land;HS;HS2 Lambach;Messe Wels
Pachlatko;Thomas;M;Karigelstr 3;4060;Leonding;Linz-Land;Unbekannt;FS Paul-Hahn;Schule
Pichl;Jürgen;M;Albert-Schopf-Straße 25;4020;Linz;Linz(Stadt);HS;HS Korefschule;Sonstiges
Weinzinger;Daniel;M;Am Bindermichl 64;4020;Linz;Linz(Stadt);HS;HS 22;Messe Wels
Mayrhofer;David;M;Fischerhauptstr. 1a;4481;Asten;Linz-Land;AHS;BRG Enns;Messe Wels
Sadleder;Bernd;M;Linzerstrasse 62a;4502;Sankt Marien;Linz-Land;AHS;Ramsauer;Homepage
Nöbauer;Jürgen;M;;4072;Alkoven;Eferding;HS;HS Hart;Schule
Grillmair;Thomas;M;Getreidestraße 14;4061;Pasching;Linz-Land;HS;Adelbert Stifter;Freunde
Schaljo;David;M;Falterweg 18;4030;Linz;Linz(Stadt);AHS;Akad. Gym.;Messe Wels
Frank;Thomas;M;Wehrgasse 17;4072;Alkoven;Eferding;AHS;Ramsauer;Messe Wels
Haidecker;Simon;M;Linzerstraße 19;4690;Schwanenstadt;Vöcklabruck;HS;HS2 Schwanenstadt Musik;Messe Wels
Auberger;Daniel;M;Lehnerst. 5;4053;Ansfelden;Linz-Land;AHS;Kremsmünster;Homepage
Birklbauer;Simon;M;St. Peter 87;4240;Freistadt;Freistadt;HS;HS1 Freistadt;Freunde
Ullmann;Philip;M;Mozartstraße 5;4200;St. Valentin;Eferding;HS;HS Langenhart;Sonstiges
Gierlinger;Rene;M;Groisbach 15;4710;Grieskirchen;Grieskirchen;HS;HS2 Grieskirchen;Messe Wels
Affenzeller;Julia;M;Marienberg 49;4040;Linz;Linz(Stadt);HS;HS 27;Homepage
Fellinger;Bianca;W;Friedhofstraße 12;4020;Linz;Linz(Stadt);AHS;Hammerling;Freunde
Poscher;Julia;W;Haushoferstraße 25;4020;Linz;Linz(Stadt);AHS;Hammerling;Flyer
Wessmann;Herbert;M;Schänterstr 5;4052;Ansfelden;Linz-Land;AHS;BRG Traun;Freunde
Griessler;Stefan;M;Strawinskistrasse 3;4055;Pucking;Linz-Land;AHS;Traun;Schule
Fleischanderl;Philipp;M;Grundstr. 44a;4501;Neuhofen an der Krems;Linz-Land;HS;Neuhofen/Krems;Homepage
Haslwanter;Vanessa;W;;4030;Linz;Linz(Stadt);HS;SHS Linz;Messe Wels
Holzer;Philipp;M;Wallseerstraße 42;4020;Linz;Linz(Stadt);HS;Hamerling;Homepage
Koppenberger;Patrick;M;Andreas-Plenk-Strasse 6;4020;Linz;Linz(Stadt);HS;Koreffschule;Schule
Haberfellner;Sebastian;M;;4020;Linz;Linz(Stadt);AHS;BRG Ramsauerstr.;Freunde
Bachmaier;Peter;M;;4030;Linz;Linz(Stadt);AHS;Landwiedgymnasium;Messe Wels
Lehner;Alexander;M;Reitzenbeckweg 16;4020;Linz;Linz(Stadt);HS;THS 3;Messe Wels
Haider;Gerald;M;Stahlberg 8;4491;Niederneukirchen;Linz-Land;HS;Niederneukirchen;Freunde
Haider;Lukas;M;Dörfl 44;4491;Niederneukirchen;Linz-Land;HS;Niederneukirchen;Messe Wels
Wirth;Stefan;M;Kappelding 9;4070;Eferding;Eferding;AHS;Daxberg;Sonstiges
Sonnberger;Tamara;W;Olof Palmeweg 61;4030;Linz;Linz(Stadt);HS;MHS Hartbach;Messe Wels
Topf;Alexander;M;Libellenweg 18;4030;Linz;Linz(Stadt);AHS;Ramsauer;Freunde
Nitsch;Michael;M;Blumenweg 15;4202;Hellmonsödt;Urfahr-Umgebung;HS;Hellmonsödt;Homepage
Gruber;Andreas;M;Markt 22;4171;Sankt Peter am Wimberg;Rohrbach;HS;St. Peter/Wmb;Freunde
Pühringer;Manuel;M;Eisenwerkstraße 31a;4020;Linz;Linz(Stadt);AHS;BRG Landwied;Homepage
Schachner;Stefan;M;Bräuhausstr 19;4073;Wilhering;Linz-Land;AHS;Kreuzschwestern;Schule
Simon;Michael;M;Dopplerholz 5;4060;Leonding;Linz-Land;HS;Hart;Schule
Kalab;Tobias;M;Reichenstraße 29;4210;Gallneukirchen;Urfahr-Umgebung;HS;ÜHS Stifter;Freunde
Schneider;Simon;M;Melissenweg 18;4062;Kirchberg-Thening;Linz-Land;AHS;Ramsauer;Homepage
Pechak;Martin;M;Waldeggstraße 99;4020;Leonding;Linz-Land;AHS;BRG Fadingerstr.;Freunde
Thaller;David;M;Stifterstrasse 2a;4061;Pasching;Linz-Land;HS;Langholzfeld;Schule
Gensinger;KEvin;M;Haidbachstraße 5;4061;Pasching;Linz-Land;HS;HS Pasching;Schule
Löhmeyr;Lukas;M;Hanfpointstr 77g;4050;Traun;Linz-Land;AHS;BRG Traun;Schule
Gabber;Julian;M;Schaplederweg 96;4040;Linz;Linz(Stadt);AHS;BRG Traun;Messe Wels
Kastner;Daniel;M;Hofwiese 35;4550;Kremsmünster;Kirchdorf an der Krems;AHS;Stift Schlierbach;Messe Wels
Schidt;Fabian;M;Voestrasse 35;4060;Leonding;Linz-Land;AHS;Ramsauer;Schule
Schwaiger;Bernhard;M;Furtberg 30;4540;Bad Hall;Steyr-Land;HS;Bad Hall;Messe Wels
Haunschmied;Thomas;M;Stefan Niedermayr Strasse 46;4061;Pasching;Linz-Land;AHS;Landwied;Messe Wels
Grubmair;David;M;Lagerhausstraße 4;4661;Roitham;Gmunden;HS;HS Laakirchen;Messe Wels
Neubauer;Dominik;M;schwabengasse10;4020;Linz;Linz(Stadt);HS;SHS Kleinmünchen;Messe Wels
Tubic;Aleksander;M;Siemensstrasse 51;4030;Linz;Linz(Stadt);HS;HS 17;Homepage
Christian;Yousef;M;Flötzerweg 125;4030;Linz;Linz(Stadt);HS;HS17;Homepage
Mitsch;Matthias;M;Kirchenweg 23;4292;Kefermarkt;Freistadt;HS;HS Freistadt;Homepage
Mittmansgruber;Stefan;M;Silberbach 93;4230;Pregarten;Freistadt;AHS;Europagymnasium;Messe Wels
Artelsmair;Thomas;M;Penzendorf 16;4552;Wartberg an der Krems;Kirchdorf an der Krems;HS;HS Wartberg;Messe Wels
Mitter;Daniel;M;Wohnpark 28/6;4053;Ansfelden;Linz-Land;HS;HS1 Haid;Messe Wels
Haim;Esther;W;Rosenweg 10;4062;Kirchberg-Thening;Linz-Land;HS;MHS Leonding;Medienberichte
Kepplinger;Daniel;M;Bachweg 16;4614;Marchtrenk;Wels-Land;HS;Marchtrenk;Messe Wels
Hofer;Simon;M;Schmidberg 38;4201;Gramastetten;Urfahr-Umgebung;HS;Gramastetten;Messe Wels
Cao;Kevin;M;Albert Schopf-Straße 28;4020;Linz;Linz(Stadt);HS;HS Koref;Schule
Reindl;Thomas;M;Marktstrasse 20;4201;Gramastetten;Urfahr-Umgebung;HS;Gramastetten;Freunde
Huynh;Tony;M;Kaplitzstr. 3;4020;Linz;Linz(Stadt);HS;Spallerhof;Messe Wels
Kaiser;Cyrill;M;Lambergschlag 15;4170;Sankt Stefan am Walde;Rohrbach;HS;BGB Rohrbach;Homepage
Thürringer;Dominik;M;Wimstrasse 6;4493;Wolfern;Steyr-Land;HS;Steyr;Schule
Hüttner;Richard;M;Ganglbauerstr 8;4493;Wolfern;Steyr-Land;HS;HS Rudigier;Schule
Kern;Adrian;M;Leonfeldnerstr. 88a;4040;Linz;Linz(Stadt);AHS;Peuerbach;Homepage
Kieslich;Jürgen;M;Ferihumerstrasse 46;4040;Linz;Linz(Stadt);HS;HS 15;Messe Wels
Krepil;Jan;M;Pilgramstraße 6;4060;Leonding;Linz-Land;AHS;Khevenhüllergymnasium;Messe Wels
Penz;Daniel;M;Zibermayrstrasse 47;4020;Linz;Linz(Stadt);HS;SHS Kleinmünchen;Homepage
Müllner;Alexander;M;Robert-Stolz-Strasse 10;4020;Linz;Linz(Stadt);AHS;Hamerlinggymnasium;Messe Wels
Metzger;Manuel;M;Greglbacherstraße 24;4623;Gunskirchen;Wels-Land;HS;HS Gunskirchen;Messe Wels
Zauner;Stefan;M;Steinhuberweg 10;4623;Gunskirchen;Wels-Land;HS;Gunkirchen;Freunde
Krammel;Patrick;M;Lambacherstrasse 79;4623;Gunskirchen;Wels-Land;HS;Gunskirchen;Sonstiges
Puerstinger;Bernhard;M;Im Aigen 21;4552;Wartberg an der Krems;Kirchdorf an der Krems;HS;HS Wartberg;Messe Wels
Bantner;Lukas;M;Grünbach 29;4623;Gunskirchen;Wels-Land;HS;HS Gunskirchen;Messe Wels
Leben;Horst;M;Punker 5;4221;Steyregg;Urfahr-Umgebung;HS;IHS Steyregg;Messe Wels
Schropp;Thomas;M;Victor-Adler-Weg 15;4030;Linz;Linz(Stadt);HS;HS 17;Messe Wels
Schinnerl;Lukas;M;Im Schmidgarten 11;4284;Tragwein;Freistadt;HS;Tragwein;Homepage
Scheuringer;Philipp;M;Kastnerstraße 52;4040;Lichtenberg;Urfahr-Umgebung;AHS;AHS Auhof Kepler Real;Messe Wels
Penz;Karl;M;Leonfeldnerstr 7;4240;Freistadt;Freistadt;HS;Freistadt;Schule
Eidenberger;Lukas;M;Großharterstraße 13;4062;Kirchberg-Thening;Linz-Land;HS;HS Hörsching;Homepage
Zamponi;Mark;M;Schumpeterstr. 17;4040;Linz;Linz(Stadt);HS;24;Homepage
Rumenovske;Martin;M;Polluxweg 20;4030;Linz;Linz(Stadt);HS;HS23;Freunde
Neunteufel;Christian;M;Sommerfeld 13;4271;Sankt Oswald bei Freistadt;Freistadt;HS;HS St. Oswald;Homepage
Pidro;Indira;W;Prechtlerstr. 46;4030;Linz;Linz(Stadt);HS;Spallerhof;Schule
Milz;Tanja;W;Zigeunerweg 30;4020;Linz;Linz(Stadt);HS;HS 14;Messe Wels
Märzinger;Stefan;M;Eibenweg 12;4040;Linz;Linz(Stadt);HS;Biesenfeld HS27;Schule
Pichler;Ralph;M;Salzstraße 24;4232;Hagenberg im Mühlkreis;Freistadt;AHS;Freistadt;Homepage
Zinhobler;Florian;M;Rainerstraße 45;4614;Marchtrenk;Wels-Land;HS;HS2 Wels;Messe Wels
Miksch;Patrick;M;Ripenstraße 1;4614;Marchtrenk;Wels-Land;HS;HS 2;Freunde
Holnerer;Fabian;M;Moospoint 32;4050;Traun;Linz-Land;AHS;AHS Traun;Sonstiges
Rametsteiner;Mario;M;Hochstraße 40;4060;Leonding;Linz-Land;AHS;Ramsauerstr;Homepage
Hochwimmer;Daniel;M;Im Breitland 3;4030;Linz;Linz(Stadt);HS;Hüttnerschule;Homepage
Zeba;Iwan;M;Markatstraße 16;4020;Linz;Linz(Stadt);HS;HS 3;Freunde
Zeba;Ivan;M;Markatstraße 16;4020;Linz;Linz(Stadt);HS;HS 3;Freunde
Neuwirth;Michael;M;Kapellenweg 3;4552;Wartberg an der Krems;Kirchdorf an der Krems;HS;;Homepage
Winkler;Patrick;M;Pittermannweg 1;4030;Linz;Linz(Stadt);HS;HS 18;Messe Wels
Zöllner;Marco;M;Hubertusgasse 24;4060;Leonding;Linz-Land;AHS;Landwied;Medienberichte
Buchner;Stefan;M;Fabrikstr 78a;4400;Steyr;Steyr(Stadt);HS;HS St.Anna;Homepage
Hauser;Michael;M;Grillparzerstr. 29c;4810;Gmunden;Gmunden;AHS;Pensionat;Messe Wels
Ceilk;Baran;M;Röntgenstraße 26;4600;Wels;Wels(Stadt);AHS;AHS Wels;Schule
Kudis;Serhat;M;Wimpassingerstraße 57;4600;Wels;Wels(Stadt);HS;IBHS 1;Messe Wels
Leithinger;Lukas;M;Großreith 7;4694;Ohlsdorf;Gmunden;HS;HS Ohlsdorf;Messe Wels
Bozkaya;Umit;M;Lustenauerstr. 7;4020;Linz;Linz(Stadt);HS;Stelzhammer;Sonstiges
