CatalogNumber;LastName;FirstName;BirthDate
7;Hadžihusic;Aden;14.07.1999
26;Taha;Amin;24.08.2001
25;Straßmayr;Christian;31.05.2001
24;Simic;Dalibor;05.10.2000
11;Hofmann;Daniel;13.07.2001
4;Fröller;David;30.06.2000
9;Hiebl;David;28.02.2001
16;Mayrhofer;Erik;27.01.2001
10;Hochleitner;Fabian;21.02.2000
23;Schwarcz;Florian;13.05.2001
5;Gerstmayr;Hannes;15.11.2000
17;Mujadzic;Haris;03.11.2000
19;Obermayr;Jakob;10.09.2000
18;Neuburger;Jan;01.03.2001
22;Schürz;Jonas;03.06.2000
6;Gruber;Josef;15.02.2000
27;Urbanides;Konstantin;23.07.2001
1;Aranyasz;Luigii-Gabriel;17.06.2000
21;Rachle;Manuel;18.07.2000
15;Lengauer;Mario;22.06.2001
28;Wahl;Maximilian;03.01.2001
2;Brandstätter;Michael;26.04.2001
8;Helcig;Michael;20.11.1999
12;Kapl;Michael;17.04.1999
13;Kudrjaschow;Nikita;16.10.2000
3;Deicker;René;11.05.2001
14;Leithenmayr;Stefan;22.05.2001
20;Pidic;Zahir;06.11.1999